{
  "run_id": "run_20260106_100509_60849e42",
  "created_utc": "2026-01-06T10:14:54Z",
  "N": 83,
  "main": {
    "epsilon": 0.8,
    "tau": 0.6,
    "S_obs": 80,
    "rate": 0.963855421686747,
    "mean_semantic": 0.9440548563578043,
    "mean_surface": 0.20081529543925308,
    "p_value": 0.0033222591362126247,
    "p_ci": [
      8.41087815427686e-05,
      0.01218062173549235
    ],
    "num_permutations": 300
  }
}